name,email,address
Luis Busson,lbusson0@cbslocal.com,1 Prentice Drive
Stephannie Bleddon,sbleddon1@furl.net,41 Washington Parkway
Judi Purple,jpurple2@dion.ne.jp,14 Goodland Road
Rozanne Lickorish,rlickorish3@wikia.com,11100 Dryden Hill
Isabel Narramore,inarramore4@lycos.com,23 Westerfield Road
Brinn Bartkiewicz,bbartkiewicz5@zdnet.com,78957 Toban Court
Ashbey Petru,apetru6@youtube.com,7 Esch Avenue
Ivonne Gonnelly,igonnelly7@xing.com,7 Esker Point
Lauren Sayers,lsayers8@walmart.com,194 Kropf Lane
Imogen Victor,ivictor9@reddit.com,98 Schmedeman Court
Sondra Mattiessen,smattiessena@nba.com,51 Carberry Crossing
Juli Wason,jwasonb@posterous.com,15260 Sycamore Park
Fernandina Pecey,fpeceyc@pinterest.com,64912 Clarendon Street
Quintana Ellit,qellitd@deliciousdays.com,3658 Golden Leaf Lane
Tiler Frankiss,tfrankisse@indiegogo.com,4220 Meadow Valley Road
Joellyn Fairbrother,jfairbrotherf@newyorker.com,524 3rd Drive
Ty Knott,tknottg@pbs.org,69 West Street
Garrot Elloy,gelloyh@nytimes.com,1 Mosinee Drive
Raychel Runacres,rrunacresi@mac.com,1636 Luster Drive
Shirleen Stubbert,sstubbertj@chicagotribune.com,6 Maywood Hill
Penny Ucchino,pucchinok@cdc.gov,7175 Reinke Place
Malynda Clemenza,mclemenzal@geocities.com,0 Anhalt Crossing
Kimbell Dawnay,kdawnaym@va.gov,565 Washington Plaza
Tyrone Stride,tstriden@army.mil,2 Goodland Center
Fitzgerald Bladen,fbladeno@admin.ch,35821 Hovde Terrace
Irvine Domegan,idomeganp@tiny.cc,91100 1st Circle
Westbrooke Ziems,wziemsq@bluehost.com,2243 Mandrake Place
Marrissa Paine,mpainer@ucoz.com,819 Helena Point
Brandice Bellringer,bbellringers@delicious.com,99358 Cottonwood Alley
Clarette Benian,cbeniant@webnode.com,07645 Dovetail Crossing
Michaela Ottley,mottleyu@hostgator.com,2785 Pierstorff Crossing
Pauline Glason,pglasonv@ox.ac.uk,41327 Mayfield Terrace
Jessamyn Bambrugh,jbambrughw@sphinn.com,9328 New Castle Lane
Wallie Lapworth,wlapworthx@dailymail.co.uk,2 Heffernan Trail
Caralie Le Huquet,cley@seesaa.net,15185 Iowa Court
Conant Melledy,cmelledyz@odnoklassniki.ru,760 Memorial Avenue
Gasper Benger,gbenger10@sohu.com,2338 Esker Center
Catlaina Heathcott,cheathcott11@blogger.com,00 Russell Street
Onfroi Standeven,ostandeven12@webnode.com,5453 Sachs Pass
Nickey Ashford,nashford13@alexa.com,888 Vidon Circle
Danny Maybury,dmaybury14@netvibes.com,77 Springs Plaza
Bertha Nyssen,bnyssen15@51.la,8 Hoffman Center
Mariann Gauvain,mgauvain16@salon.com,67153 Crest Line Park
Wernher Morsey,wmorsey17@macromedia.com,22440 Ryan Point
Artus Lammertz,alammertz18@deviantart.com,6402 Warrior Place
Phillie Bonn,pbonn19@ucla.edu,86110 Montana Pass
Candie Alberts,calberts1a@tuttocitta.it,3411 Superior Lane
Rolf Amberger,ramberger1b@naver.com,30 Algoma Terrace
Emmerich Vass,evass1c@sciencedaily.com,826 Myrtle Drive
Griswold MacKimm,gmackimm1d@gov.uk,3835 Nevada Pass
Ogdan Ivatts,oivatts1e@cafepress.com,5440 Melvin Park
Burl Jacobowits,bjacobowits1f@gizmodo.com,1 Upham Avenue
Myer Brugman,mbrugman1g@facebook.com,2 Rowland Trail
Doug Caccavella,dcaccavella1h@wordpress.org,62223 Hauk Terrace
Morna Watchorn,mwatchorn1i@amazon.co.jp,90902 Blackbird Avenue
Freida Nassie,fnassie1j@cbsnews.com,3 Crescent Oaks Hill
Cara MacTeggart,cmacteggart1k@army.mil,4440 Nobel Road
Fan Claffey,fclaffey1l@craigslist.org,372 Thompson Street
Addie Guidera,aguidera1m@uol.com.br,77 Derek Terrace
Barbara Badam,bbadam1n@google.it,7 Clove Alley
Yorker Yearn,yyearn1o@ow.ly,3389 Armistice Place
Annadiane Benito,abenito1p@surveymonkey.com,84 Melby Road
Happy Gethings,hgethings1q@themeforest.net,8 Blackbird Alley
Beltran Bentote,bbentote1r@ed.gov,54 Crowley Lane
Christean Struys,cstruys1s@comsenz.com,9614 Evergreen Drive
Rea Thom,rthom1t@wired.com,81356 John Wall Hill
Rodi Rolling,rrolling1u@businessinsider.com,462 Onsgard Trail
Franky Studd,fstudd1v@technorati.com,70 Lerdahl Plaza
Kaitlin Stickells,kstickells1w@nps.gov,0341 Marcy Trail
Guendolen Rosenbarg,grosenbarg1x@dyndns.org,5 Emmet Parkway
Ewen Spurriar,espurriar1y@tamu.edu,906 Summer Ridge Circle
Carlin Fludgate,cfludgate1z@unicef.org,84 Hauk Street
Danika Wooddisse,dwooddisse20@bbb.org,4559 Fair Oaks Way
Vivianna Gilliard,vgilliard21@mail.ru,75 Monica Road
Delilah Voyce,dvoyce22@webmd.com,40 Lunder Crossing
Myles Cousans,mcousans23@altervista.org,8 Huxley Road
Sloane Noah,snoah24@hugedomains.com,4 Grover Hill
Vinny Cristol,vcristol25@reuters.com,54749 Kings Parkway
Alan Francie,afrancie26@sitemeter.com,04585 Corry Road
Matias Meaddowcroft,mmeaddowcroft27@mail.ru,11648 Hauk Pass
Rip Gantley,rgantley28@harvard.edu,90652 Arapahoe Terrace
Evangelin Coche,ecoche29@whitehouse.gov,6748 Delladonna Road
Noelani Woolstenholmes,nwoolstenholmes2a@cdbaby.com,6 Drewry Hill
Keri Hurrell,khurrell2b@shinystat.com,0 Rutledge Terrace
Livvie Banger,lbanger2c@ask.com,4768 La Follette Lane
Alick Le Friec,ale2d@ucoz.ru,4 Kingsford Hill
Sallie Shortin,sshortin2e@amazon.co.jp,882 Morningstar Street
Rockie Vigers,rvigers2f@people.com.cn,10105 Bunting Alley
Linea Shepperd,lshepperd2g@amazon.co.jp,275 Gale Court
Ilyse Thurling,ithurling2h@businessinsider.com,95 Hoepker Alley
Hasty Dixon,hdixon2i@soup.io,44 Fuller Park
Itch Westby,iwestby2j@webmd.com,60739 Park Meadow Point
Hyacinthie Baudet,hbaudet2k@noaa.gov,59335 Warrior Junction
Lita Pindred,lpindred2l@dmoz.org,9 Sunbrook Circle
Roxy Gitting,rgitting2m@constantcontact.com,575 Huxley Trail
Nessa Danne,ndanne2n@goo.ne.jp,11 Cordelia Parkway
Ammamaria Crosskell,acrosskell2o@telegraph.co.uk,3080 Mcguire Avenue
Emilia Clemente,eclemente2p@mtv.com,186 Commercial Drive
Franzen Scamaden,fscamaden2q@myspace.com,31 Dahle Alley
Skipper Buswell,sbuswell2r@skype.com,05159 Moland Road
Carolyn Wallentin,cwallentin2s@hibu.com,7 Carpenter Hill
Marco Bent,mbent2t@goodreads.com,91351 Jenifer Place
Dosi Stickels,dstickels2u@pagesperso-orange.fr,040 Vahlen Center
Juan Waterstone,jwaterstone2v@bloglovin.com,2 Mcbride Road
Ingmar Trundle,itrundle2w@ow.ly,4871 Gale Center
Cullan Liccardi,cliccardi2x@squidoo.com,671 Esker Parkway
Ellynn Laverenz,elaverenz2y@admin.ch,677 Truax Road
Antons Treanor,atreanor2z@yolasite.com,78 Bobwhite Alley
Emelen Mougeot,emougeot30@artisteer.com,794 Harbort Street
Lefty Timbrell,ltimbrell31@boston.com,511 Hooker Crossing
Merralee Looks,mlooks32@skype.com,5 Brentwood Way
Andy Ambrosetti,aambrosetti33@opera.com,5 Kenwood Alley
Gabriella O'Shields,goshields34@ucla.edu,9338 Harper Plaza
Clayson Calcutt,ccalcutt35@xrea.com,0 Graedel Junction
Phylis Bernardeau,pbernardeau36@tumblr.com,3938 Hudson Hill
Skell Brunstan,sbrunstan37@oracle.com,01 Westridge Street
Georgy Brugsma,gbrugsma38@va.gov,1723 Dwight Road
Rina Hoston,rhoston39@sun.com,672 Bowman Center
Claresta Grugerr,cgrugerr3a@rambler.ru,353 Clemons Park
Clive Benger,cbenger3b@prlog.org,2103 Victoria Way
Tabor Kment,tkment3c@about.me,32 Pierstorff Place
Steve Christian,schristian3d@wunderground.com,596 Clyde Gallagher Crossing
Algernon McCoy,amccoy3e@ucoz.com,38 Ridgeway Drive
Suzette Zielinski,szielinski3f@google.com.br,1 Eagan Street
Quill Asel,qasel3g@parallels.com,864 Harper Hill
Gardner Grinley,ggrinley3h@addtoany.com,2 Esch Place
Andrea Etchell,aetchell3i@umn.edu,1226 Kenwood Circle
Diena Tuckwell,dtuckwell3j@craigslist.org,2 Westerfield Terrace
Roxana O'Breen,robreen3k@fc2.com,2371 Stone Corner Lane
Thibaud Abley,tabley3l@sciencedirect.com,352 Corry Hill
Giovanni Herche,gherche3m@ihg.com,09 Thompson Junction
Allie Owbrick,aowbrick3n@quantcast.com,88 Elka Terrace
Niki Roughsedge,nroughsedge3o@nih.gov,00449 Talisman Junction
Bailey Lawden,blawden3p@about.me,74235 Boyd Terrace
Sonia Callander,scallander3q@theglobeandmail.com,6196 Huxley Hill
Libbey Garrood,lgarrood3r@wufoo.com,2250 Fisk Lane
Waite Enevoldsen,wenevoldsen3s@cisco.com,033 Ruskin Road
Dorey Gerrets,dgerrets3t@w3.org,588 Pearson Point
Winnie Ecclestone,wecclestone3u@pcworld.com,95626 Meadow Valley Court
Chas Scholey,cscholey3v@prlog.org,5 Everett Place
Sioux Whinney,swhinney3w@zimbio.com,49287 Trailsway Crossing
Lanae Haire,lhaire3x@jugem.jp,504 Waywood Lane
Windy Kiernan,wkiernan3y@i2i.jp,9 Maryland Crossing
Josy Alred,jalred3z@npr.org,74081 Kropf Lane
Ansley Broxholme,abroxholme40@ucsd.edu,952 Hauk Way
Sonia Mort,smort41@eventbrite.com,45814 Jenna Terrace
Bernete Sawford,bsawford42@patch.com,80 Fieldstone Lane
Danette Williscroft,dwilliscroft43@weebly.com,74 Surrey Park
Zora Steely,zsteely44@google.ca,616 Fairview Street
Ingemar Lynes,ilynes45@sciencedirect.com,37436 Green Parkway
Phillis Holliar,pholliar46@huffingtonpost.com,6622 Knutson Park
Montague Hanwell,mhanwell47@microsoft.com,6125 Towne Circle
Morton Adolfsen,madolfsen48@free.fr,937 Holy Cross Road
Sybila Waycott,swaycott49@icio.us,554 Lakewood Gardens Place
Maryann Kaasman,mkaasman4a@independent.co.uk,39842 Delaware Lane
Falito Sket,fsket4b@senate.gov,5 Sachtjen Avenue
Kathy Cumbers,kcumbers4c@creativecommons.org,38 Eagan Trail
Xena Sargeant,xsargeant4d@ebay.co.uk,6 Prentice Parkway
Laurice Crutchley,lcrutchley4e@nationalgeographic.com,922 Sachs Pass
Dedra Eccles,deccles4f@about.me,4220 Messerschmidt Pass
Perkin Sherington,psherington4g@ow.ly,98 Summer Ridge Plaza
Walt Barthram,wbarthram4h@discuz.net,959 Daystar Drive
Christiano Ceschelli,cceschelli4i@youtube.com,7725 Lunder Plaza
Geneva Nevinson,gnevinson4j@mozilla.com,1 American Trail
Wini Dahlman,wdahlman4k@opera.com,8 Michigan Crossing
Dory Josefs,djosefs4l@unicef.org,0955 Mariners Cove Hill
Friederike Brent,fbrent4m@networkadvertising.org,9 Thierer Hill
Marsh Demetr,mdemetr4n@indiatimes.com,98 Stephen Alley
L;urette Clapp,lclapp4o@imdb.com,5 Carioca Point
Maddie Nezey,mnezey4p@vistaprint.com,710 Oneill Way
Bartholemy Reddings,breddings4q@statcounter.com,8053 Bashford Drive
Bordy Lutsch,blutsch4r@state.gov,56358 Northland Parkway
Joline Domaschke,jdomaschke4s@ca.gov,75 Stone Corner Hill
Glyn Bergeon,gbergeon4t@delicious.com,7 Dixon Trail
Faythe Rowbotham,frowbotham4u@plala.or.jp,8573 Dottie Place
Olympie Duffit,oduffit4v@sogou.com,61400 Stephen Crossing
Ailee Ivanishev,aivanishev4w@slate.com,81382 International Trail
Chip Oakes,coakes4x@51.la,8787 Esker Junction
Dalton Mariel,dmariel4y@barnesandnoble.com,33 Linden Way
Hildagard Hirthe,hhirthe4z@feedburner.com,1981 Graceland Alley
Mersey Tolland,mtolland50@newyorker.com,35 Tennyson Drive
Essy Edeson,eedeson51@wikipedia.org,7 Farwell Trail
Vanya Cutteridge,vcutteridge52@foxnews.com,68699 West Drive
Arlyn Casarili,acasarili53@economist.com,08901 Del Mar Avenue
Morty Restieaux,mrestieaux54@usatoday.com,29087 Sycamore Avenue
Barbie Coult,bcoult55@baidu.com,0 International Center
Drucy Darker,ddarker56@answers.com,598 Mosinee Street
Leupold Sambiedge,lsambiedge57@upenn.edu,0 Parkside Street
Quintin Tempest,qtempest58@japanpost.jp,0908 Saint Paul Street
Sebastien Heller,sheller59@bluehost.com,38 Northridge Junction
Herc Bayldon,hbayldon5a@freewebs.com,05400 Spaight Center
Shaun Cudd,scudd5b@google.com.hk,33 Southridge Trail
Rickie Vaugham,rvaugham5c@tripadvisor.com,246 Rusk Avenue
John Bossom,jbossom5d@acquirethisname.com,87888 Pond Park
Vince Whitty,vwhitty5e@amazonaws.com,82013 Loftsgordon Pass
Tore Storror,tstorror5f@printfriendly.com,18 Kenwood Crossing
Malissia Boeter,mboeter5g@cmu.edu,7 Dayton Hill
Jakie Espy,jespy5h@admin.ch,78327 Forster Point
Meier Lettington,mlettington5i@cnbc.com,165 Gina Hill
Ermentrude Piddington,epiddington5j@sitemeter.com,46410 New Castle Plaza
Johna McGrotty,jmcgrotty5k@barnesandnoble.com,23416 Vermont Point
Kristopher Joule,kjoule5l@tuttocitta.it,248 Oak Plaza
Robena Belhome,rbelhome5m@live.com,9 Novick Hill
Ryley Arlow,rarlow5n@sohu.com,531 Russell Way
Sadella Marcone,smarcone5o@cmu.edu,98 Graceland Circle
Tulley Pyrke,tpyrke5p@ftc.gov,1377 Elka Court
Aura Windus,awindus5q@engadget.com,0 Kensington Junction
Jeanie Billam,jbillam5r@businessweek.com,40094 Dayton Center
Helge Jose,hjose5s@bloglovin.com,2 Kropf Alley
Katrina Scobie,kscobie5t@xing.com,60498 Mallory Crossing
Granger Rennie,grennie5u@github.io,369 Warrior Court
Janean Yashaev,jyashaev5v@biblegateway.com,54789 Jackson Alley
Tobias Statefield,tstatefield5w@google.cn,4251 Clove Lane
Sherman McCurley,smccurley5x@fotki.com,3 Namekagon Way
Alley Stiegar,astiegar5y@arstechnica.com,1 Westerfield Place
Abra Stodhart,astodhart5z@clickbank.net,2 Beilfuss Avenue
Beilul Jolliffe,bjolliffe60@opensource.org,298 Oak Hill
Marylynne Ritchie,mritchie61@icio.us,17607 Gulseth Street
Catherin Muckersie,cmuckersie62@theatlantic.com,54090 Starling Plaza
Cody Lightewood,clightewood63@liveinternet.ru,88 Jenifer Court
Urson Philpotts,uphilpotts64@surveymonkey.com,5948 Loomis Alley
Lynda McGurk,lmcgurk65@tiny.cc,16 Golden Leaf Pass
Robenia Benezeit,rbenezeit66@vimeo.com,037 Darwin Terrace
Bertha Allery,ballery67@stumbleupon.com,98708 Acker Junction
Seana Vinker,svinker68@barnesandnoble.com,1 Southridge Parkway
Andrus Wayte,awayte69@yellowbook.com,545 Walton Hill
Alano Brixey,abrixey6a@cbsnews.com,4 Autumn Leaf Terrace
Korrie Jirak,kjirak6b@walmart.com,41 Duke Park
Lula Spare,lspare6c@w3.org,592 Mccormick Park
Noby Mackleden,nmackleden6d@dell.com,6675 Superior Parkway
Arel Filipov,afilipov6e@mayoclinic.com,93934 Merry Alley
Glennie Canet,gcanet6f@ameblo.jp,55695 Vidon Court
Tucker Ollet,tollet6g@skype.com,44826 Melvin Lane
Johnath Lewens,jlewens6h@cdc.gov,0 Mayer Street
Charis Laverick,claverick6i@yale.edu,3470 Crest Line Junction
Nelle Pickring,npickring6j@wikimedia.org,0 Thompson Street
Lenora Cawkwell,lcawkwell6k@hc360.com,39395 Hoepker Parkway
Shandee Zuenelli,szuenelli6l@com.com,45045 Morning Avenue
Marion Bradly,mbradly6m@ehow.com,142 Ridge Oak Street
Marin Vassie,mvassie6n@oakley.com,8862 Sycamore Hill
Karel Sang,ksang6o@tripod.com,6 Forest Run Road
Joana Ondrich,jondrich6p@hc360.com,27 Mallory Road
Evangelina Steventon,esteventon6q@weebly.com,6 Derek Way
Lydon Speake,lspeake6r@buzzfeed.com,168 Cambridge Pass
Klement Outright,koutright6s@technorati.com,08372 Karstens Terrace
Morten Pedder,mpedder6t@imageshack.us,6056 Parkside Junction
Pammy Carver,pcarver6u@yahoo.com,9060 Mallory Place
Roxanne Body,rbody6v@sogou.com,5859 Oak Valley Parkway
Morris Canniffe,mcanniffe6w@bbc.co.uk,580 Kingsford Terrace
Fae Mattke,fmattke6x@histats.com,17 American Road
Magda Bygate,mbygate6y@arizona.edu,82 Division Road
Heriberto Vodden,hvodden6z@gov.uk,553 Redwing Junction
Fancie Shallow,fshallow70@trellian.com,99 Valley Edge Center
Maddie Pellamonuten,mpellamonuten71@mozilla.com,4180 Pennsylvania Pass
Morgan Robroe,mrobroe72@nps.gov,66173 3rd Parkway
Michele Males,mmales73@bbc.co.uk,0 Sutteridge Junction
Carmen McMarquis,cmcmarquis74@un.org,923 Stuart Road
Kara-lynn McCrorie,kmccrorie75@unicef.org,347 Grim Way
Juline Acosta,jacosta76@redcross.org,00 Toban Street
Yves Seeman,yseeman77@umn.edu,4090 Schurz Hill
Randal Goult,rgoult78@blogspot.com,1860 Buell Point
Lil Camlin,lcamlin79@dropbox.com,592 Weeping Birch Drive
Stearne Fredi,sfredi7a@ucla.edu,08765 Morning Place
Wadsworth Lardeux,wlardeux7b@netvibes.com,3 Fremont Center
Susy Tink,stink7c@europa.eu,28 Arkansas Junction
Allard Zanni,azanni7d@moonfruit.com,328 Armistice Lane
Biddy Sandwith,bsandwith7e@exblog.jp,24641 Magdeline Way
Sigfried Gress,sgress7f@soundcloud.com,9595 Schlimgen Way
Randene Swalwel,rswalwel7g@nsw.gov.au,21235 4th Road
Gregorius Insull,ginsull7h@buzzfeed.com,5029 Susan Pass
Belinda Sigsworth,bsigsworth7i@wikipedia.org,3026 Schlimgen Junction
Jasper Pilgrim,jpilgrim7j@vinaora.com,86 Pepper Wood Pass
Stanly Cuniam,scuniam7k@g.co,92812 Straubel Alley
Dewie Kelley,dkelley7l@mashable.com,39 Loeprich Hill
Sela Gault,sgault7m@diigo.com,27 Waubesa Way
Nathaniel Hinckesman,nhinckesman7n@hc360.com,99 Cottonwood Circle
Elsbeth Muris,emuris7o@ameblo.jp,28 Monica Point
Rikki Martynov,rmartynov7p@gov.uk,6 Mallory Junction
Nicoli Theobold,ntheobold7q@icio.us,04 Summer Ridge Place
Granny Petrelli,gpetrelli7r@twitpic.com,19 Novick Lane
Hamlen McAleese,hmcaleese7s@wix.com,3821 Grover Point
Maryjane Gamett,mgamett7t@wiley.com,4856 Orin Avenue
Arnie Saleway,asaleway7u@indiegogo.com,44136 Burning Wood Road
Kirsteni Cowope,kcowope7v@ucla.edu,06545 Eggendart Road
Maximo Frazer,mfrazer7w@vistaprint.com,56 Dexter Drive
Ludwig Bensley,lbensley7x@tiny.cc,78 Nancy Point
Bryn Sandbach,bsandbach7y@1und1.de,7 Dottie Pass
Marcile Castelot,mcastelot7z@altervista.org,82362 Loomis Lane
Jordana Mewhirter,jmewhirter80@columbia.edu,6 Duke Court
Gauthier Brugman,gbrugman81@cdc.gov,44153 Dwight Drive
Garfield Pottell,gpottell82@ted.com,35983 Sherman Road
Sully Grayston,sgrayston83@ehow.com,29 Longview Center
Randall Arne,rarne84@hexun.com,970 Stephen Plaza
Ryann Cornuau,rcornuau85@twitpic.com,1 Eagan Alley
Natty Greenan,ngreenan86@alibaba.com,13 Algoma Circle
Ari Beaudry,abeaudry87@mail.ru,6502 Southridge Hill
Candice Foye,cfoye88@xrea.com,8370 Talisman Hill
Eden Chesters,echesters89@mashable.com,30566 Memorial Point
Corine Duplock,cduplock8a@answers.com,7 Eagle Crest Crossing
Leona Conant,lconant8b@mit.edu,6938 Tennessee Avenue
Jenine Pashbee,jpashbee8c@cnbc.com,7 Truax Point
Rheba Coit,rcoit8d@issuu.com,162 Schurz Parkway
Edik Jutson,ejutson8e@taobao.com,049 Helena Point
Donetta Semerad,dsemerad8f@go.com,35 Mallory Point
Woodrow Droogan,wdroogan8g@discuz.net,42250 Oak Valley Junction
Yuri Anwyl,yanwyl8h@homestead.com,8 Shelley Plaza
Estrella Simonnin,esimonnin8i@google.com.hk,1 Anzinger Court
Kurt Bollis,kbollis8j@shutterfly.com,04 Hoffman Alley
Magdaia Fake,mfake8k@elpais.com,92 Hoard Park
Adi Oguz,aoguz8l@seesaa.net,7 Blue Bill Park Alley
Teddy O'Hare,tohare8m@hibu.com,88624 Dottie Center
Madelena Gronaller,mgronaller8n@china.com.cn,367 David Plaza
Calley Vickors,cvickors8o@about.com,2630 School Court
Giff Wicklen,gwicklen8p@disqus.com,45 Almo Trail
Dina Glossop,dglossop8q@naver.com,3833 8th Street
Randi Woodyer,rwoodyer8r@livejournal.com,3 Monument Alley
Stearn Shenton,sshenton8s@storify.com,0 Mitchell Alley
Tobe Cotes,tcotes8t@newsvine.com,88 Golf View Pass
Chaddie Bowen,cbowen8u@gnu.org,88470 Schlimgen Alley
Laurianne Ewestace,lewestace8v@nydailynews.com,30601 Morningstar Parkway
Nola Gledstane,ngledstane8w@hexun.com,61 Upham Place
Elfrieda Langran,elangran8x@bloglovin.com,5620 Saint Paul Pass
Eda Eye,eeye8y@webs.com,128 Susan Avenue
Broderick Ambrosini,bambrosini8z@360.cn,13 Oakridge Park
Shay Gerhartz,sgerhartz90@theguardian.com,83 Moland Avenue
Bibbye Chisman,bchisman91@harvard.edu,359 Lakewood Gardens Junction
Lil Worvill,lworvill92@tamu.edu,5 Carey Road
Marita Meffan,mmeffan93@unesco.org,3400 West Road
Amii Gahagan,agahagan94@unc.edu,0873 Paget Hill
Matthew Alyonov,malyonov95@npr.org,362 Butterfield Avenue
Dorena Brea,dbrea96@github.io,5105 Bunker Hill Center
Lauritz Keeping,lkeeping97@cocolog-nifty.com,5 Cordelia Center
Allie Rangall,arangall98@ed.gov,2 Iowa Point
Evey Hamnet,ehamnet99@surveymonkey.com,733 Bunting Junction
Frank Jeandot,fjeandot9a@google.pl,7 Kingsford Way
Bary Sumpter,bsumpter9b@hubpages.com,42 Arrowood Center
Ileana Bunston,ibunston9c@netscape.com,97099 Sunfield Trail
Ozzy Bastiman,obastiman9d@ow.ly,9204 Killdeer Parkway
Nady Wanek,nwanek9e@fotki.com,93636 Northridge Way
Myca Tures,mtures9f@mediafire.com,54 Toban Park
Carlyle Applewhaite,capplewhaite9g@illinois.edu,615 Namekagon Place
Marlowe Outhwaite,mouthwaite9h@google.co.jp,515 Clarendon Point
June Strasse,jstrasse9i@tiny.cc,5 Waubesa Parkway
Umeko Giraux,ugiraux9j@symantec.com,7 Myrtle Crossing
Cully Jacquemard,cjacquemard9k@microsoft.com,54456 Eliot Way
Base Andri,bandri9l@youku.com,8067 Michigan Alley
Wilbert Narrie,wnarrie9m@ihg.com,75 Blackbird Park
Del Enstone,denstone9n@clickbank.net,75798 Bashford Avenue
Birdie Perocci,bperocci9o@cloudflare.com,64 Fordem Crossing
Bard Aggus,baggus9p@cdbaby.com,7981 6th Parkway
Stanislaus Stoneman,sstoneman9q@skype.com,60 Pearson Trail
Jacenta Pistol,jpistol9r@go.com,323 Hovde Plaza
Dori Martello,dmartello9s@baidu.com,70 Russell Hill
Corena Caghy,ccaghy9t@ameblo.jp,581 Lakeland Lane
Shelley Biset,sbiset9u@pbs.org,75 Ramsey Crossing
Vasily Tilburn,vtilburn9v@illinois.edu,66 Dawn Place
Vania Cowherd,vcowherd9w@technorati.com,40178 Morrow Place
Orv Degli Abbati,odegli9x@whitehouse.gov,1 Gulseth Pass
Edee Gurner,egurner9y@admin.ch,8 Lien Center
Bethany Rennie,brennie9z@google.com.hk,0 Pankratz Plaza
Salomone Lintott,slintotta0@mac.com,60 Upham Plaza
Hadrian Barnhill,hbarnhilla1@ibm.com,1020 Bashford Place
Thorsten McAlister,tmcalistera2@photobucket.com,3762 Mandrake Junction
Jo McBeth,jmcbetha3@apache.org,14 Corscot Circle
Lanae Beere,lbeerea4@washington.edu,83215 Wayridge Court
Silvio Christopher,schristophera5@noaa.gov,08307 Acker Point
Zachary Van Halen,zvana6@google.fr,45 Jackson Junction
Aila Du Hamel,adua7@discovery.com,87647 Birchwood Street
Eadith Draisey,edraiseya8@java.com,2031 Trailsway Trail
Marwin Thomerson,mthomersona9@statcounter.com,9 Old Shore Junction
Zoe Edes,zedesaa@discovery.com,192 Village Lane
Hortense Rudiger,hrudigerab@twitter.com,4335 Independence Street
Guthrie Hens,ghensac@pen.io,011 Sachtjen Street
Leonhard Olenikov,lolenikovad@ucoz.com,046 Buena Vista Alley
Drud Harner,dharnerae@bloglovin.com,4921 Grover Street
Cordelia De Minico,cdeaf@godaddy.com,62 Mcbride Point
Piper Bewicke,pbewickeag@geocities.com,0 Lakewood Point
Ardyth Tubritt,atubrittah@fda.gov,4532 Manley Junction
Sephira Deme,sdemeai@yolasite.com,400 Corscot Alley
Petronia Ruseworth,pruseworthaj@tinyurl.com,3 Kensington Center
Franklin Valentino,fvalentinoak@wikimedia.org,50981 Blue Bill Park Road
Darrell McNee,dmcneeal@addthis.com,2281 Nevada Junction
Aldric Maw,amawam@dell.com,8 Linden Hill
Shannan Cubbin,scubbinan@wisc.edu,0277 Warbler Junction
Arnold Scurry,ascurryao@sakura.ne.jp,70 Sachtjen Place
Joella Trineman,jtrinemanap@webs.com,0192 Westridge Road
Caralie Quinnet,cquinnetaq@edublogs.org,05 Pennsylvania Place
Garnette Okey,gokeyar@prlog.org,893 Southridge Junction
Alene Choat,achoatas@addtoany.com,29 Florence Terrace
Rora Dyers,rdyersat@webeden.co.uk,83 Hanover Court
Rosemary Ashwood,rashwoodau@seesaa.net,103 Raven Park
Cassius Brehat,cbrehatav@so-net.ne.jp,25606 Knutson Pass
Francyne Tomaszynski,ftomaszynskiaw@amazonaws.com,10 Victoria Park
Ivie Hearne,ihearneax@wikipedia.org,767 Doe Crossing Parkway
Richart Klainman,rklainmanay@ucoz.ru,23237 Golf Course Circle
Meryl Oller,molleraz@jimdo.com,811 Northridge Avenue
Cynthy Garford,cgarfordb0@naver.com,3078 Dennis Court
Belita Capey,bcapeyb1@whitehouse.gov,98 Havey Plaza
Wakefield Arling,warlingb2@multiply.com,8630 High Crossing Plaza
Jonathan Soulsby,jsoulsbyb3@samsung.com,59 Arizona Trail
Dallon O'Doherty,dodohertyb4@yale.edu,394 Washington Alley
Bonnibelle Millington,bmillingtonb5@clickbank.net,786 Comanche Point
Korey Parlor,kparlorb6@house.gov,7 Knutson Hill
Elie Pien,epienb7@wix.com,13919 Leroy Pass
Lanae Latore,llatoreb8@gravatar.com,0 Fuller Court
Mira Strapp,mstrappb9@tiny.cc,52 Montana Junction
Morten Goretti,mgorettiba@sohu.com,52004 Starling Court
Sigrid Jaquemar,sjaquemarbb@state.tx.us,2419 Rusk Circle
Hal Leheude,hleheudebc@shinystat.com,35831 Dayton Terrace
Dael Cayle,dcaylebd@xing.com,2381 Jenna Drive
Cal Gilbertson,cgilbertsonbe@devhub.com,3 Norway Maple Street
Turner Dymick,tdymickbf@usgs.gov,24 Corry Plaza
Leandra Brocks,lbrocksbg@google.co.uk,9388 Jenna Point
Brigit Bewsey,bbewseybh@prweb.com,12769 Bowman Hill
Land Maxted,lmaxtedbi@opera.com,7 Acker Way
Issiah Lapwood,ilapwoodbj@marketwatch.com,0922 Hauk Hill
Maribeth Kaye,mkayebk@homestead.com,223 Brickson Park Center
Kaylee Perford,kperfordbl@ezinearticles.com,546 Bunting Avenue
Irena Kilgallen,ikilgallenbm@yahoo.com,1 Vera Park
Yasmin Cuthill,ycuthillbn@jigsy.com,72255 Steensland Point
Maryrose Piell,mpiellbo@amazonaws.com,2097 Menomonie Alley
Kelsey Glaserman,kglasermanbp@prlog.org,5 Butterfield Alley
Isaak Meehan,imeehanbq@addtoany.com,2743 7th Way
Christel Wayper,cwayperbr@wikia.com,91 Jackson Crossing
Sadella Gibbetts,sgibbettsbs@webnode.com,22 Knutson Trail
Noel Kinney,nkinneybt@archive.org,23972 Buena Vista Drive
Thia Brodway,tbrodwaybu@is.gd,3 Arkansas Place
Orrin Bassilashvili,obassilashvilibv@hatena.ne.jp,68873 Melby Park
Wilow Sabbatier,wsabbatierbw@arstechnica.com,5186 Eliot Trail
Janina Lindwasser,jlindwasserbx@wunderground.com,598 Grim Alley
Codie O'Hone,cohoneby@msu.edu,9 Fieldstone Alley
Jessie Paolacci,jpaolaccibz@ebay.com,26 Moland Lane
Lisle Cheverton,lchevertonc0@pagesperso-orange.fr,5 Dexter Lane
Lynsey Mardle,lmardlec1@ucla.edu,1 Valley Edge Place
Vivie Boxhill,vboxhillc2@webmd.com,7861 Weeping Birch Point
Berny Hurch,bhurchc3@guardian.co.uk,3 Monica Trail
Dominic Paxton,dpaxtonc4@a8.net,0386 Mayer Court
Schuyler Wateridge,swateridgec5@walmart.com,69251 Sutteridge Place
Lyn Milsted,lmilstedc6@google.it,29 Westerfield Terrace
Cristy Darby,cdarbyc7@freewebs.com,38180 Gateway Park
Corbin Abrami,cabramic8@google.pl,84484 Hoffman Junction
Orelia Crickett,ocrickettc9@marriott.com,063 Village Green Plaza
Barron Brigman,bbrigmanca@marriott.com,78673 Crest Line Park
Rutter Nehls,rnehlscb@spiegel.de,0997 School Court
Eugenia Denidge,edenidgecc@ow.ly,3980 Brickson Park Park
Bertie Churchyard,bchurchyardcd@dmoz.org,8 Loeprich Park
Rycca Boddie,rboddiece@rakuten.co.jp,281 Hoepker Way
Linnie Deegin,ldeegincf@apache.org,26711 Cody Place
Katheryn Wigfield,kwigfieldcg@google.com,07711 Old Gate Terrace
Riane Koba,rkobach@time.com,2408 Ludington Point
Alphard Kenwell,akenwellci@networksolutions.com,16 Kenwood Alley
Moira Joul,mjoulcj@desdev.cn,149 Nobel Drive
Morrie Hurdidge,mhurdidgeck@thetimes.co.uk,507 Gateway Place
Perl Germain,pgermaincl@alexa.com,5987 Duke Park
Selia Gini,sginicm@moonfruit.com,45343 Oak Valley Parkway
Burk Phoebe,bphoebecn@bloglovin.com,9903 Anthes Road
Kipp Pead,kpeadco@wikia.com,82 Morrow Circle
Horatia Zanuciolii,hzanucioliicp@blogger.com,2132 Hauk Street
Susy Foux,sfouxcq@google.cn,40 Hayes Point
Dill Robardet,drobardetcr@alexa.com,6 Manley Pass
Lauretta Grierson,lgriersoncs@amazon.co.jp,0 Cascade Street
Mateo Shiril,mshirilct@mediafire.com,12639 Lakewood Court
Flin Jostan,fjostancu@mozilla.org,420 Reinke Avenue
Lil Moxon,lmoxoncv@freewebs.com,816 Hovde Junction
Barron Kiggel,bkiggelcw@instagram.com,8 Mallard Park
Edi Chismon,echismoncx@indiatimes.com,0174 Burning Wood Avenue
Vincenz Charrington,vcharringtoncy@shareasale.com,970 Del Sol Place
Blinni Elcum,belcumcz@google.com.br,47 Dahle Pass
Maureen Lewis,mlewisd0@pagesperso-orange.fr,69 Linden Pass
Drew Mutton,dmuttond1@dion.ne.jp,507 New Castle Hill
Bondon Fothergill,bfothergilld2@wp.com,30216 Monterey Pass
Rowe Massie,rmassied3@stanford.edu,558 Laurel Street
Gwenny Baiss,gbaissd4@about.com,81 Crescent Oaks Pass
Judith Stewartson,jstewartsond5@bing.com,45 Acker Place
Daren McConnulty,dmcconnultyd6@pagesperso-orange.fr,1 Macpherson Court
Garvey Twopenny,gtwopennyd7@sfgate.com,26 Riverside Crossing
Marcile De Caroli,mded8@liveinternet.ru,19 Maple Wood Lane
Nanon Andreopolos,nandreopolosd9@t.co,131 Anhalt Point
Terencio Giovannini,tgiovanninida@cafepress.com,02722 Barnett Court
Teddie Greger,tgregerdb@europa.eu,57 Russell Trail
Stanislaw Sowthcote,ssowthcotedc@nature.com,5 Surrey Street
Marcelline Keeting,mkeetingdd@last.fm,92 Packers Way
Doria Gabbot,dgabbotde@nifty.com,74 Clemons Drive
Temp Wigginton,twiggintondf@ihg.com,005 Ilene Avenue
Claybourne Galpen,cgalpendg@miibeian.gov.cn,88 Derek Hill
Boyd Gumly,bgumlydh@studiopress.com,76 Gulseth Park
Hillier Ruddin,hruddindi@theatlantic.com,68 Holy Cross Crossing
Otha Spadaro,ospadarodj@prlog.org,19732 Sloan Park
Myrtle Archdeckne,marchdecknedk@i2i.jp,92 Maryland Drive
Cathryn Drewery,cdrewerydl@mit.edu,93203 Huxley Center
Dolf Lates,dlatesdm@blog.com,93135 Nancy Hill
Kris Newdick,knewdickdn@cisco.com,7899 Village Way
Elmira De Bruin,ededo@tumblr.com,6 Carioca Court
Loralie Ilyenko,lilyenkodp@t-online.de,9 Columbus Alley
Niels Casham,ncashamdq@creativecommons.org,136 Raven Circle
Tomkin De Giorgis,tdedr@sciencedaily.com,4334 Hooker Parkway
Orson Bousfield,obousfieldds@feedburner.com,3235 Oneill Place
Howard Drogan,hdrogandt@qq.com,05413 Springs Plaza
Layla Tilby,ltilbydu@irs.gov,887 Talisman Street
Konstanze Yarham,kyarhamdv@shinystat.com,976 Forest Circle
Baxy Evett,bevettdw@godaddy.com,6 International Street
Deeanne Lomis,dlomisdx@upenn.edu,7 Talmadge Junction
Arlene Shilladay,ashilladaydy@scribd.com,4 Myrtle Plaza
Florencia Awde,fawdedz@cnbc.com,07195 Del Mar Center
Barris Holston,bholstone0@bloglovin.com,2844 Dixon Crossing
Karine Faulkner,kfaulknere1@indiatimes.com,96357 Sauthoff Parkway
Brody Poynser,bpoynsere2@dell.com,0 Chive Way
Anny Turpie,aturpiee3@51.la,5 Merchant Avenue
Earl Priestman,epriestmane4@marriott.com,1 Mcbride Trail
Chevy Well,cwelle5@virginia.edu,93 Sullivan Street
Olga Stellin,ostelline6@posterous.com,2 Dorton Terrace
Brandi Kennan,bkennane7@dailymail.co.uk,44142 Shasta Crossing
Royall Thomke,rthomkee8@weather.com,6 Sugar Center
Willie Tibb,wtibbe9@wp.com,7021 Bowman Point
Laurianne Streatley,lstreatleyea@scientificamerican.com,8517 Harper Lane
Dulcinea Risley,drisleyeb@chron.com,822 Johnson Park
Genevieve Matteacci,gmatteacciec@cnn.com,87557 Riverside Avenue
Patsy Heyball,pheyballed@state.gov,8363 Fairfield Hill
Arlinda Fant,afantee@t-online.de,5 Kennedy Way
Kiley Sanzio,ksanzioef@rediff.com,909 Johnson Trail
Patience McGraith,pmcgraitheg@nifty.com,4 Northland Drive
Roseann Hannaby,rhannabyeh@pcworld.com,0488 Pepper Wood Center
Rourke Crate,rcrateei@indiegogo.com,776 Muir Plaza
Travis Rookledge,trookledgeej@nba.com,465 Fisk Parkway
Godfree Elgie,gelgieek@cisco.com,6 Nelson Lane
Aurilia Newband,anewbandel@histats.com,01562 Debs Street
Minny Kilpatrick,mkilpatrickem@ucoz.com,04168 Namekagon Pass
Ernestus Coolican,ecoolicanen@facebook.com,51692 Manley Road
Breanne Ferres,bferreseo@noaa.gov,337 Carpenter Drive
Denyse Mc Menamin,dmcep@goo.gl,48 Pleasure Terrace
Hyacinth Pattini,hpattinieq@wiley.com,56379 John Wall Trail
Joyous Flucker,jfluckerer@weather.com,018 Darwin Trail
Cristi Dunkley,cdunkleyes@1688.com,38 South Court
Bailey Macilhench,bmacilhenchet@google.com.br,036 Maywood Trail
Rania Iskow,riskoweu@epa.gov,2 Holy Cross Park
Symon Grancher,sgrancherev@japanpost.jp,35 Mayfield Plaza
Leonhard Power,lpowerew@cam.ac.uk,310 Bluestem Park
Monika Ketley,mketleyex@nasa.gov,053 Red Cloud Point
Clem Lyte,clyteey@noaa.gov,424 Melby Court
Alisha Salzberger,asalzbergerez@bbb.org,10749 Brentwood Parkway
Lyn Jeans,ljeansf0@dmoz.org,5 Moland Place
Patin Cullimore,pcullimoref1@merriam-webster.com,8022 Pankratz Place
Amara Cottell,acottellf2@storify.com,0953 Eastlawn Crossing
Dreddy Manchett,dmanchettf3@senate.gov,52 Messerschmidt Hill
Damian Pargetter,dpargetterf4@dropbox.com,993 Melvin Pass
Yancy Augustine,yaugustinef5@yellowbook.com,7300 Dottie Center
Vivyan Hoovart,vhoovartf6@cornell.edu,96 Tomscot Center
Claudelle Pryer,cpryerf7@privacy.gov.au,663 Vera Court
Morley Polden,mpoldenf8@is.gd,48 Summerview Street
Lannie Jaime,ljaimef9@wikia.com,544 Mayfield Crossing
Rochette Jorin,rjorinfa@chicagotribune.com,38934 Grover Center
Josie Dreinan,jdreinanfb@yellowpages.com,54041 Mccormick Center
Boony Strick,bstrickfc@imdb.com,192 Rockefeller Pass
Beale Gameson,bgamesonfd@odnoklassniki.ru,97278 Center Crossing
Constancia Applin,capplinfe@imgur.com,6 Westport Avenue
Nels Newson,nnewsonff@nydailynews.com,573 Coleman Alley
Robyn Curuclis,rcuruclisfg@mlb.com,08997 Saint Paul Junction
Emmaline Jannings,ejanningsfh@ca.gov,95 Havey Way
Park Jallin,pjallinfi@wordpress.org,652 Delaware Hill
Jeanie Wagstaffe,jwagstaffefj@paginegialle.it,4027 Vahlen Point
Berti Vanyashkin,bvanyashkinfk@paginegialle.it,7 Cottonwood Alley
Lindie Pont,lpontfl@jiathis.com,308 Fulton Street
Phineas Catmull,pcatmullfm@symantec.com,32 Thompson Avenue
Brynn Arondel,barondelfn@comcast.net,60114 North Drive
Toni Lehrle,tlehrlefo@fc2.com,58970 Petterle Lane
Rania Tolson,rtolsonfp@e-recht24.de,841 Delaware Park
Kevan Rembrandt,krembrandtfq@economist.com,34 High Crossing Crossing
Trent Bowcock,tbowcockfr@wordpress.com,91610 Montana Pass
Ashby Sommerscales,asommerscalesfs@csmonitor.com,88090 Glendale Road
Charmain Cody,ccodyft@bizjournals.com,6 Old Shore Lane
Odetta Veivers,oveiversfu@ning.com,7775 Jenifer Road
Barbara-anne Marquis,bmarquisfv@yale.edu,50 5th Hill
Tait Royse,troysefw@mlb.com,9147 Independence Alley
Oren Colledge,ocolledgefx@uiuc.edu,2 Schiller Hill
Bryce Bartot,bbartotfy@google.de,4 Pankratz Circle
Cilka Houseago,chouseagofz@craigslist.org,927 American Ash Avenue
Merry Rzehor,mrzehorg0@auda.org.au,27411 Anniversary Point
Mahmud Jirek,mjirekg1@ask.com,8006 Raven Lane
Herman Reaney,hreaneyg2@netscape.com,19260 Moulton Circle
Eugine Haxbie,ehaxbieg3@gmpg.org,5 Brown Road
Darby Good,dgoodg4@diigo.com,1 Cottonwood Circle
Hastings Coyish,hcoyishg5@cisco.com,4008 Anderson Hill
Allie MacMeanma,amacmeanmag6@scribd.com,980 Florence Place
Ronda Fihelly,rfihellyg7@sitemeter.com,1586 Bashford Court
Deloris Grimble,dgrimbleg8@imageshack.us,0337 Lerdahl Road
Alanna Redpath,aredpathg9@businessinsider.com,525 Kingsford Park
Cobb Jeary,cjearyga@usgs.gov,17093 Miller Drive
Silvana Lambe,slambegb@omniture.com,42137 Anniversary Alley
Rubia Marriner,rmarrinergc@over-blog.com,631 Morrow Lane
Faustine Jeacop,fjeacopgd@typepad.com,579 John Wall Road
Lorilyn Crepin,lcrepinge@cisco.com,79 Elmside Way
Gifford Lelievre,glelievregf@narod.ru,86778 Melvin Plaza
Sydelle Faudrie,sfaudriegg@baidu.com,653 Mariners Cove Pass
Ezra Giraudel,egiraudelgh@blog.com,4381 Oak Valley Pass
Toinette Sallings,tsallingsgi@pen.io,73981 Lillian Hill
Eachelle Jacobbe,ejacobbegj@php.net,5 Boyd Plaza
Lyman Carryer,lcarryergk@mozilla.com,24600 Swallow Lane
Taddeusz Millhill,tmillhillgl@bloglovin.com,27670 Sloan Street
Any Matterdace,amatterdacegm@surveymonkey.com,9 Messerschmidt Junction
Osgood Southorn,osouthorngn@tumblr.com,1763 Boyd Junction
Bird Moulsdale,bmoulsdalego@naver.com,117 Pine View Circle
Ravi Gambie,rgambiegp@census.gov,6694 Colorado Alley
Mahalia Eede,meedegq@apple.com,491 Victoria Lane
Mortimer McAvin,mmcavingr@statcounter.com,16070 Arkansas Street
Andriana Gladdin,agladdings@hud.gov,2 Miller Place
Robbert Janecek,rjanecekgt@go.com,1 Merrick Drive
Shannan Phillips,sphillipsgu@telegraph.co.uk,2498 Annamark Avenue
Nikolaus Glowinski,nglowinskigv@photobucket.com,8819 Kenwood Lane
Anatole Connue,aconnuegw@mashable.com,42797 Drewry Hill
Lanie Bleby,lblebygx@utexas.edu,541 Bartelt Drive
Florenza Tomsett,ftomsettgy@buzzfeed.com,807 Northfield Crossing
Tripp Kinchington,tkinchingtongz@msu.edu,336 Sloan Road
Angil Scarman,ascarmanh0@dell.com,853 Northport Lane
Gusty Cram,gcramh1@newyorker.com,83259 Elgar Crossing
Darren Jerger,djergerh2@accuweather.com,7482 Emmet Trail
Kandace Davidou,kdavidouh3@chronoengine.com,6 Dixon Plaza
Grannie Taffie,gtaffieh4@phoca.cz,0368 Mallory Road
Friedrich Robins,frobinsh5@wiley.com,7 Mallard Point
Nanice Sidebottom,nsidebottomh6@51.la,54 Sunnyside Crossing
Etheline Hamprecht,ehamprechth7@dailymotion.com,5 Hansons Drive
Cole Baldrick,cbaldrickh8@wufoo.com,0 Mesta Plaza
Shelia Saines,ssainesh9@fastcompany.com,6044 Bowman Alley
Jocko Grouen,jgrouenha@wordpress.com,3 Rusk Street
Adrianne Feldbrin,afeldbrinhb@joomla.org,698 Vermont Trail
Kristal Turbern,kturbernhc@free.fr,2867 Debra Point
Ynes Comelli,ycomellihd@github.com,79 Kinsman Center
Roz Kleinlerer,rkleinlererhe@desdev.cn,19 Mandrake Plaza
Minnie Wisham,mwishamhf@deviantart.com,17075 Commercial Terrace
Deerdre Adamczewski,dadamczewskihg@people.com.cn,7425 Dottie Place
Mabel Washbrook,mwashbrookhh@arizona.edu,3674 Stang Parkway
Davy Vigours,dvigourshi@alexa.com,7636 Ruskin Court
Montague Herculeson,mherculesonhj@weather.com,9339 Texas Circle
Queenie Dicker,qdickerhk@alibaba.com,3984 Charing Cross Crossing
Teresita Snellman,tsnellmanhl@redcross.org,21692 Northport Crossing
Drusy Cocks,dcockshm@japanpost.jp,823 Warrior Road
Henrietta Scoyles,hscoyleshn@blinklist.com,26943 Tomscot Center
Sandy Playden,splaydenho@ft.com,445 Kenwood Junction
Zandra Stapforth,zstapforthhp@jugem.jp,5398 Dottie Junction
Beryl Brewerton,bbrewertonhq@prlog.org,6 Melrose Plaza
Howard Freckleton,hfreckletonhr@hp.com,24964 6th Avenue
Emmi Poytres,epoytreshs@addtoany.com,01 Bultman Park
Durante Camilletti,dcamillettiht@wordpress.org,15923 Fair Oaks Crossing
Moira Van Weedenburg,mvanhu@yahoo.com,5 Kipling Center
Merna Bolzen,mbolzenhv@cloudflare.com,0 Johnson Center
Annabella Glendinning,aglendinninghw@apple.com,74357 Nevada Center
Darcie Longridge,dlongridgehx@reuters.com,8 Oxford Center
Jodi Besset,jbessethy@samsung.com,7052 Iowa Lane
Imogene Coston,icostonhz@cdbaby.com,25 Waxwing Circle
Alon McPartlin,amcpartlini0@aol.com,3107 La Follette Point
Jerrylee Kealy,jkealyi1@diigo.com,605 Brentwood Point
Anastasie Camell,acamelli2@fema.gov,4390 Atwood Avenue
Georgina Handmore,ghandmorei3@tmall.com,5 Mitchell Crossing
Vlad Sidery,vsideryi4@edublogs.org,3782 Washington Lane
Mariel Woodruffe,mwoodruffei5@arizona.edu,70339 Truax Road
Misha Ruddiforth,mruddiforthi6@stumbleupon.com,60 Union Parkway
Virgie Horche,vhorchei7@google.ca,2 Dawn Parkway
Rania Delmage,rdelmagei8@bing.com,4862 Kipling Pass
Andy Farnorth,afarnorthi9@opensource.org,79 Coleman Plaza
Yevette Duffus,yduffusia@wikia.com,1 Pawling Center
Freda Mewes,fmewesib@deliciousdays.com,964 Merchant Trail
Stearne Biggadyke,sbiggadykeic@state.tx.us,25508 Mockingbird Hill
Garold Gerler,ggerlerid@geocities.com,3356 Vahlen Plaza
Gerek Glasser,gglasserie@msu.edu,71422 Westend Plaza
Lura Knotte,lknotteif@census.gov,96345 Elmside Parkway
Marylinda Horley,mhorleyig@indiatimes.com,349 Bultman Place
Blaire Beincken,bbeinckenih@ox.ac.uk,2514 Londonderry Trail
Kennan Denney,kdenneyii@biglobe.ne.jp,1 Arizona Alley
Joanna Lashbrook,jlashbrookij@nbcnews.com,9231 Vahlen Pass
Hagan Fossord,hfossordik@hatena.ne.jp,5 Oakridge Center
Linc Vondrak,lvondrakil@google.nl,72 Stang Park
Lainey Kobus,lkobusim@cloudflare.com,54750 Weeping Birch Hill
Ilene Elton,ieltonin@google.com.au,3824 Sugar Parkway
Florenza Beachem,fbeachemio@google.es,27298 Monument Place
Christos Ludl,cludlip@google.cn,67673 Meadow Vale Drive
Ilka Ambridge,iambridgeiq@washingtonpost.com,1203 Randy Trail
Rube Cowling,rcowlingir@skype.com,7914 Lakewood Gardens Court
Ardisj Penswick,apenswickis@quantcast.com,29 Gateway Parkway
Millisent Atte-Stone,mattestoneit@usnews.com,5 Summit Drive
Oliviero Venturoli,oventuroliiu@com.com,4714 Fairview Alley
Siffre Vlasenkov,svlasenkoviv@timesonline.co.uk,0998 Fallview Drive
Dyanna Buckland,dbucklandiw@github.com,8752 Thierer Circle
Herminia Maith,hmaithix@state.gov,73485 High Crossing Crossing
Lurlene Abelovitz,labelovitziy@google.pl,39946 Old Gate Court
Giorgia Biset,gbisetiz@bizjournals.com,17 Fairview Parkway
Mano Coggeshall,mcoggeshallj0@amazonaws.com,08462 Independence Parkway
Jackson Janks,jjanksj1@google.de,8 Northview Point
Lisetta MacCarlich,lmaccarlichj2@fda.gov,6111 Elmside Lane
Eugene Enevold,eenevoldj3@etsy.com,1 Sommers Parkway
Danny Ellaman,dellamanj4@amazon.co.uk,9 Fremont Trail
Margaux Reichardt,mreichardtj5@java.com,7257 Drewry Alley
Shaun Fevier,sfevierj6@hexun.com,638 5th Alley
Brennen Fealy,bfealyj7@edublogs.org,563 Lake View Drive
Stephanie Penberthy,spenberthyj8@ovh.net,9 Dawn Pass
Kalil Londing,klondingj9@skyrock.com,9558 Sycamore Court
Jerry Ayers,jayersja@bbc.co.uk,28468 Spaight Court
Minnaminnie Jachimiak,mjachimiakjb@weebly.com,857 Golf View Crossing
Gaby Shewsmith,gshewsmithjc@free.fr,26169 Laurel Lane
Gates Craddy,gcraddyjd@csmonitor.com,71205 Boyd Pass
Garth Furmonger,gfurmongerje@amazon.co.uk,42672 Warbler Road
Ladonna Giacovetti,lgiacovettijf@boston.com,50255 Myrtle Trail
Ly Blown,lblownjg@engadget.com,263 Golf Trail
Eleni Harsnipe,eharsnipejh@blogger.com,027 Beilfuss Avenue
Fiann Samudio,fsamudioji@cdbaby.com,8 Loomis Terrace
Daphna Costen,dcostenjj@aol.com,114 Troy Street
Georgi Guiot,gguiotjk@symantec.com,23772 Ruskin Road
Danell Circuit,dcircuitjl@ed.gov,95 Northview Avenue
Martica Brizell,mbrizelljm@washington.edu,23486 Victoria Pass
Carleton Deathridge,cdeathridgejn@taobao.com,5 Walton Lane
Gloriana Tallant,gtallantjo@icio.us,714 Service Center
Dukie Filipychev,dfilipychevjp@typepad.com,36843 Spaight Point
Elsey Lightoller,elightollerjq@intel.com,811 Grasskamp Center
Moyna Jeckells,mjeckellsjr@about.me,5 Charing Cross Hill
Tom Skull,tskulljs@chronoengine.com,5184 Bayside Pass
Derby Ormrod,dormrodjt@booking.com,66922 Donald Place
Francklin Boschmann,fboschmannju@paginegialle.it,8 Evergreen Plaza
Celinka Heikkinen,cheikkinenjv@blinklist.com,97214 Leroy Center
Nathanael Dunmore,ndunmorejw@marriott.com,479 Packers Place
Reinaldo Saipy,rsaipyjx@themeforest.net,4382 Old Shore Center
Margo Madelin,mmadelinjy@opera.com,4 Raven Plaza
Kimberley Stanger,kstangerjz@creativecommons.org,36 Sachtjen Park
Monique Gilyott,mgilyottk0@csmonitor.com,5 Cordelia Park
Madelin Ollivierre,mollivierrek1@amazonaws.com,84 Maple Wood Place
Brendin Paffett,bpaffettk2@bbb.org,97150 Pleasure Avenue
Gratia Barnewille,gbarnewillek3@timesonline.co.uk,55 International Circle
Son Keyes,skeyesk4@ed.gov,9408 Novick Way
Napoleon Whyte,nwhytek5@japanpost.jp,8267 Springview Park
Eal Lambrechts,elambrechtsk6@trellian.com,7636 Wayridge Pass
Domenic O'Sesnane,dosesnanek7@blogspot.com,821 Pawling Hill
Dill Dawidowicz,ddawidowiczk8@cafepress.com,623 Marquette Crossing
Dimitri Truggian,dtruggiank9@nps.gov,23285 Rieder Court
Arte Brownstein,abrownsteinka@cloudflare.com,72616 Del Sol Place
Nanci Gerring,ngerringkb@sohu.com,8 Transport Circle
Clifford Dews,cdewskc@is.gd,567 Anniversary Plaza
Karina Metzke,kmetzkekd@seattletimes.com,364 Holy Cross Parkway
Ava Herrema,aherremake@slideshare.net,4226 Jenifer Pass
Adelaida Harly,aharlykf@tinyurl.com,7 Ridgeview Avenue
Hedy Grogono,hgrogonokg@ucoz.com,8664 Warbler Avenue
Mignonne Gallanders,mgallanderskh@adobe.com,5 Pepper Wood Drive
Kennie Esom,kesomki@de.vu,28224 Jenifer Junction
Hans Sedge,hsedgekj@guardian.co.uk,7117 La Follette Way
Melody Debell,mdebellkk@cafepress.com,2224 Corry Street
Elberta Groome,egroomekl@wiley.com,3361 Anniversary Trail
Fabien Boldra,fboldrakm@washington.edu,96655 Hagan Drive
Nikkie Philo,nphilokn@abc.net.au,949 Sutteridge Junction
Claire Rutty,cruttyko@google.co.uk,7659 Hazelcrest Drive
Granger Blamphin,gblamphinkp@netscape.com,8592 Melby Point
Gerry Brompton,gbromptonkq@paginegialle.it,39828 Waywood Alley
Rubi Haywood,rhaywoodkr@webeden.co.uk,67674 Melvin Parkway
Irving Ricco,iriccoks@tuttocitta.it,97 Milwaukee Parkway
Dinah Selwyne,dselwynekt@hhs.gov,8688 Vera Street
Yale Seeborne,yseeborneku@nydailynews.com,51749 Carpenter Court
Audra Frankiewicz,afrankiewiczkv@altervista.org,77001 Fairfield Lane
Madalyn Carle,mcarlekw@time.com,22 Arkansas Lane
Jameson Macauley,jmacauleykx@reference.com,32 Northfield Circle
Clemmie Dilks,cdilksky@livejournal.com,941 Declaration Crossing
Randene Eliff,reliffkz@yale.edu,5 Algoma Terrace
Evelina Dobbin,edobbinl0@addthis.com,062 Chinook Circle
Robinet Moorhead,rmoorheadl1@ustream.tv,624 Washington Drive
Prisca De Cruz,pdel2@ibm.com,18 Pepper Wood Hill
Jarad Jell,jjelll3@goo.ne.jp,9 Harbort Point
Collie Muffin,cmuffinl4@usda.gov,126 2nd Point
Klemens de Chastelain,kdel5@sphinn.com,0644 Express Drive
Eustacia Girsch,egirschl6@netlog.com,3 Meadow Valley Alley
Crichton Watchorn,cwatchornl7@army.mil,77579 Jana Pass
Rosamond Corkan,rcorkanl8@hexun.com,50402 Monument Plaza
Mathias Greenin,mgreeninl9@redcross.org,943 Dapin Pass
Wendell Jorissen,wjorissenla@constantcontact.com,6 Talmadge Lane
Donny Askam,daskamlb@businessweek.com,06 Lien Place
Irving VanBrugh,ivanbrughlc@rediff.com,2 Portage Trail
Kristos Gors,kgorsld@google.com.hk,0 Forest Run Parkway
Leyla Kenzie,lkenziele@shareasale.com,58472 Hudson Park
Cam Schutte,cschuttelf@shutterfly.com,465 Claremont Pass
Crawford Goodings,cgoodingslg@xrea.com,8930 Hanover Road
Shae Le Gallo,slelh@slate.com,9 Pleasure Way
Chen Feak,cfeakli@qq.com,43 Graedel Point
Jeanine Game,jgamelj@google.co.jp,26 Del Mar Road
Gilberto Ishak,gishaklk@domainmarket.com,219 Eggendart Court
Rhett Cowperthwaite,rcowperthwaitell@flickr.com,8 Hayes Trail
Eirena Bottby,ebottbylm@storify.com,2 Blue Bill Park Way
Kippy Nuccitelli,knuccitelliln@mayoclinic.com,02 Prairieview Park
Marika Staterfield,mstaterfieldlo@elegantthemes.com,07 Kipling Plaza
Grantham Vel,gvellp@xinhuanet.com,489 Ruskin Hill
Marius Benkin,mbenkinlq@howstuffworks.com,771 Clyde Gallagher Parkway
Burch McGhie,bmcghielr@geocities.jp,80813 Red Cloud Drive
Eddie Chinge,echingels@imdb.com,5 Myrtle Point
Peirce Kyberd,pkyberdlt@cornell.edu,19217 Crowley Drive
Darnall Starzaker,dstarzakerlu@opera.com,9 Eastlawn Way
Hayley Terbruggen,hterbruggenlv@seesaa.net,934 Fremont Terrace
Edgar Conrard,econrardlw@arizona.edu,087 Forest Run Pass
Persis Vlasenko,pvlasenkolx@surveymonkey.com,19 3rd Avenue
Nicola Brumbye,nbrumbyely@miitbeian.gov.cn,1 Fieldstone Drive
Mirelle Brownsworth,mbrownsworthlz@i2i.jp,3851 Superior Place
Frank Bowerman,fbowermanm0@google.pl,5083 Hazelcrest Point
Web Morlon,wmorlonm1@ft.com,04620 Loftsgordon Trail
Dael Dod,ddodm2@jugem.jp,7305 Morrow Trail
Itch Sains,isainsm3@hexun.com,9655 Larry Court
Ari Beades,abeadesm4@booking.com,90487 Fallview Center
Korry Spurrier,kspurrierm5@yellowpages.com,56384 Roth Point
Jenna Salack,jsalackm6@purevolume.com,1 Saint Paul Circle
Gearalt Woffinden,gwoffindenm7@geocities.com,36830 Cambridge Court
Eadie Tomich,etomichm8@weather.com,7091 Shelley Drive
Llewellyn Bremeyer,lbremeyerm9@1688.com,2768 Oak Valley Pass
Guillermo Matterface,gmatterfacema@rediff.com,9 Riverside Circle
Jaimie Riccetti,jriccettimb@sciencedirect.com,23107 1st Terrace
Waly O'Dyvoy,wodyvoymc@boston.com,46339 Mariners Cove Street
Hollie Vasyutichev,hvasyutichevmd@yelp.com,5613 Hollow Ridge Lane
Winne Scamp,wscampme@xrea.com,2749 Red Cloud Place
Deerdre MacAulay,dmacaulaymf@blinklist.com,23 Raven Terrace
Levy Barson,lbarsonmg@wordpress.org,58474 Dottie Park
Josephine McNickle,jmcnicklemh@un.org,9 Cherokee Plaza
Paulie Hing,phingmi@chicagotribune.com,3 Roth Street
Miles Crippen,mcrippenmj@illinois.edu,0849 Utah Court
Risa Blackly,rblacklymk@reuters.com,45 Westerfield Place
Lily Fridaye,lfridayeml@engadget.com,326 Roth Plaza
Glennis O'Conor,goconormm@epa.gov,2304 Surrey Terrace
Eddie Smurfit,esmurfitmn@bluehost.com,68 Morningstar Plaza
Wald Garstang,wgarstangmo@wp.com,4 Michigan Park
Ware Denkin,wdenkinmp@boston.com,368 Continental Point
Ruprecht Duxbury,rduxburymq@qq.com,22 Red Cloud Parkway
Peggy Swift,pswiftmr@mail.ru,556 Lunder Plaza
Keary Minney,kminneyms@dion.ne.jp,006 Amoth Drive
Peterus Postin,ppostinmt@spiegel.de,39 Brickson Park Terrace
Desdemona Caro,dcaromu@dell.com,7 Basil Hill
Bliss Trevna,btrevnamv@princeton.edu,3039 Sutherland Avenue
Marquita Huett,mhuettmw@dedecms.com,6142 Service Street
Margarette Pisco,mpiscomx@wsj.com,91580 Mayer Park
Issi Casol,icasolmy@gov.uk,56 Golf Course Trail
Justinn Hurworth,jhurworthmz@free.fr,0028 Lakewood Gardens Street
Concordia Strutton,cstruttonn0@gravatar.com,58 Lukken Lane
Zondra Philpott,zphilpottn1@stumbleupon.com,4537 Blaine Trail
Jarret Hubbold,jhubboldn2@cpanel.net,25 Blackbird Hill
Lion Pigny,lpignyn3@shutterfly.com,2 Monica Avenue
Reggie Rubinlicht,rrubinlichtn4@slideshare.net,85653 Carey Road
Freedman Cleyne,fcleynen5@illinois.edu,85 Upham Lane
Brooks Dunseath,bdunseathn6@ning.com,728 International Crossing
Korry Esterbrook,kesterbrookn7@ox.ac.uk,980 Blue Bill Park Center
Ted Littefair,tlittefairn8@imgur.com,8 Lakewood Gardens Junction
Ingram Halwell,ihalwelln9@unicef.org,651 Bluestem Street
Edan Simonato,esimonatona@booking.com,834 Chinook Alley
Anderea Gethings,agethingsnb@hexun.com,3 Nobel Park
King Haddock,khaddocknc@amazonaws.com,84 Forest Run Lane
Kaleena Wooff,kwooffnd@telegraph.co.uk,2124 Continental Drive
Merola Mandre,mmandrene@miibeian.gov.cn,872 Tony Trail
Paulie Niece,pniecenf@about.me,07816 Darwin Street
Osbourn Aleevy,oaleevyng@geocities.jp,5495 Monica Parkway
Micky Lowsely,mlowselynh@wufoo.com,1 Lotheville Street
Dore Tireman,dtiremanni@cloudflare.com,2 Upham Terrace
Dacie Marjoribanks,dmarjoribanksnj@washington.edu,8 Browning Park
Justinian Friese,jfriesenk@fema.gov,6601 Maywood Center
Bryn Gawkes,bgawkesnl@google.it,65652 Birchwood Street
Ruth Reedick,rreedicknm@boston.com,71716 Meadow Ridge Alley
Wilie Linskill,wlinskillnn@eventbrite.com,15753 Jenifer Point
Tiffany Upshall,tupshallno@harvard.edu,41134 Meadow Valley Plaza
Leilah Gilbertson,lgilbertsonnp@springer.com,7 Old Shore Lane
Mireielle Zack,mzacknq@house.gov,7056 Grayhawk Lane
Rod De Gogay,rdenr@weather.com,94 Nancy Alley
Lonee Huggan,lhugganns@blogtalkradio.com,84 Weeping Birch Street
Nelson Zamboniari,nzamboniarint@1und1.de,224 Pierstorff Road
Greer Rubinowicz,grubinowicznu@about.me,0519 Westridge Trail
Claudio Haylands,chaylandsnv@aol.com,1 Forster Drive
Leora Jerman,ljermannw@paginegialle.it,81732 Eggendart Center
Rees Cradduck,rcradducknx@indiegogo.com,08756 Crescent Oaks Center
Sibylle Lawther,slawtherny@latimes.com,30 Ryan Center
Marie Layton,mlaytonnz@ted.com,387 Lighthouse Bay Place
Vasili Finlow,vfinlowo0@arstechnica.com,232 Mandrake Junction
Rani Attac,rattaco1@jalbum.net,5695 Atwood Pass
Nichole Caldeiro,ncaldeiroo2@zdnet.com,1 Memorial Drive
Poppy Shevelin,pshevelino3@blinklist.com,737 Marcy Crossing
Shandeigh Siggens,ssiggenso4@youtube.com,73 Shopko Center
Yasmeen Haynesford,yhaynesfordo5@google.ca,5661 Victoria Junction
Rock Minigo,rminigoo6@yellowbook.com,14 Vera Trail
Katti Houlston,khoulstono7@newsvine.com,05953 Westerfield Plaza
Gusty Sobey,gsobeyo8@elegantthemes.com,2 Lotheville Road
Beverly Pinshon,bpinshono9@shop-pro.jp,4 Warrior Hill
Atlante Gergher,agergheroa@spotify.com,1788 Comanche Plaza
Holmes Lossman,hlossmanob@twitpic.com,3 Transport Junction
Riccardo Silk,rsilkoc@stumbleupon.com,21312 Memorial Place
Merrili Oluwatoyin,moluwatoyinod@wiley.com,70587 Milwaukee Plaza
Aryn Haydock,ahaydockoe@mlb.com,5 Merrick Road
Yancy Quinell,yquinellof@sfgate.com,63791 Bartelt Avenue
Ernestine Arundel,earundelog@myspace.com,9 Cody Alley
Winnifred Harfoot,wharfootoh@cam.ac.uk,204 Shoshone Court
Jory Saltwell,jsaltwelloi@bloomberg.com,21 Kedzie Alley
Hannie Cambling,hcamblingoj@yolasite.com,59168 Garrison Street
Arv Crawford,acrawfordok@amazon.de,28114 Surrey Center
Trudie Andraud,tandraudol@disqus.com,57453 Meadow Ridge Avenue
Elysee Bullman,ebullmanom@ibm.com,66972 Longview Junction
Guss Grelka,ggrelkaon@meetup.com,5 Rieder Circle
Orelee Dewire,odewireoo@ucla.edu,025 Village Green Terrace
Niles Sweetman,nsweetmanop@tamu.edu,838 Delaware Circle
Helli Saing,hsaingoq@google.de,3988 Vahlen Crossing
Marlo Andraud,mandraudor@rakuten.co.jp,06 Doe Crossing Place
Wilma Knagges,wknaggesos@eventbrite.com,87278 Burning Wood Parkway
Evita Shoorbrooke,eshoorbrookeot@skyrock.com,7205 Hanson Circle
Duky Taks,dtaksou@telegraph.co.uk,8 Service Crossing
Claribel Clymo,cclymoov@upenn.edu,7 Bayside Center
Carrissa Clother,cclotherow@shinystat.com,6 Washington Terrace
Blakeley Snipe,bsnipeox@flavors.me,653 Hoffman Point
Lonni Redhole,lredholeoy@people.com.cn,5 Dwight Plaza
Vince Sides,vsidesoz@unc.edu,75 Autumn Leaf Park
Lonni Gilliland,lgillilandp0@gizmodo.com,79605 Nelson Circle
Gertrudis Rowlson,growlsonp1@icio.us,74946 Jackson Avenue
Garth Taft,gtaftp2@about.com,74721 Dahle Court
Lara Beney,lbeneyp3@alexa.com,149 Columbus Way
Minna Tiesman,mtiesmanp4@blogtalkradio.com,87 Waywood Junction
Katharina Paoletti,kpaolettip5@comsenz.com,488 Porter Hill
Nickie Cafferty,ncaffertyp6@jigsy.com,4785 Packers Court
Kimberlee Gregorin,kgregorinp7@sourceforge.net,79808 Chinook Parkway
Sherie Avrahamy,savrahamyp8@whitehouse.gov,94600 Grim Point
Ole Pashenkov,opashenkovp9@ow.ly,19 Pearson Center
Dominica Pinchin,dpinchinpa@alexa.com,5969 Morning Hill
Toiboid Wims,twimspb@nih.gov,38927 Bluejay Way
Silvain Keller,skellerpc@go.com,60203 Grayhawk Street
Emlyn Ayre,eayrepd@qq.com,1 Columbus Junction
Isa Vickar,ivickarpe@parallels.com,9273 Stoughton Lane
Phyllida Costell,pcostellpf@tripadvisor.com,31 Scott Court
Aryn Woodman,awoodmanpg@quantcast.com,655 Cherokee Pass
Reeva Boutwell,rboutwellph@sourceforge.net,48 Steensland Place
Marcella Klaus,mklauspi@prweb.com,58486 Roxbury Circle
Alyssa MacAllester,amacallesterpj@xrea.com,40 Packers Way
Ronny Loxley,rloxleypk@dailymotion.com,6 Jenifer Pass
Omar Lumly,olumlypl@topsy.com,18 Bluejay Place
Tobey Wallis,twallispm@hc360.com,079 Spaight Trail
Sherwynd Putland,sputlandpn@w3.org,64921 Mallard Alley
Helene Grassin,hgrassinpo@sun.com,11923 Walton Alley
Darn Flarity,dflaritypp@bravesites.com,5 Morningstar Terrace
Filmer Jacobi,fjacobipq@unblog.fr,86500 Esker Trail
Garvy Chree,gchreepr@state.gov,099 Debs Avenue
Ernie Rex,erexps@digg.com,3 Schlimgen Way
Zara Frail,zfrailpt@businessinsider.com,0 Amoth Street
Saraann Trounce,strouncepu@dion.ne.jp,2 Arkansas Center
Donny Zecchii,dzecchiipv@cbsnews.com,93352 Starling Circle
Etheline Tully,etullypw@g.co,9 Eagan Avenue
Liuka Grenter,lgrenterpx@so-net.ne.jp,3 8th Street
Aime Terry,aterrypy@nationalgeographic.com,9380 Eliot Circle
Nelie Derle,nderlepz@ucla.edu,035 Donald Court
Jase Stroulger,jstroulgerq0@g.co,5 Nova Alley
Nico Sarvar,nsarvarq1@yelp.com,2012 Sunnyside Lane
Allina Splain,asplainq2@mozilla.com,39 Bartillon Crossing
Giorgio Wheatland,gwheatlandq3@home.pl,46 Graceland Hill
Rouvin Penelli,rpenelliq4@earthlink.net,48 Vera Junction
Alameda Knath,aknathq5@wordpress.org,21118 Del Mar Alley
Oralla Nan Carrow,onanq6@wordpress.com,74 Del Sol Point
Christoffer Hanburry,chanburryq7@lulu.com,856 Macpherson Point
Maurine Pindell,mpindellq8@ezinearticles.com,52 Bobwhite Way
Gordan Albin,galbinq9@xrea.com,047 Rigney Drive
James Seaton,jseatonqa@jalbum.net,26 Aberg Circle
Victor Clerc,vclercqb@usa.gov,5686 Di Loreto Circle
Kassey Lanham,klanhamqc@bbc.co.uk,1 Roxbury Crossing
Shandee McNerlin,smcnerlinqd@ft.com,13232 Golf Street
Cathee Rottery,crotteryqe@wp.com,8707 Eastwood Park
Mariya Wilbore,mwilboreqf@sbwire.com,001 Sommers Crossing
Friederike Clough,fcloughqg@earthlink.net,64933 Kinsman Street
Betsy Reavey,breaveyqh@csmonitor.com,8143 Delaware Center
Fanni Possek,fpossekqi@cmu.edu,91 Grim Crossing
Gretchen Cankett,gcankettqj@tinyurl.com,11615 Oak Valley Trail
Ekaterina Bulpitt,ebulpittqk@thetimes.co.uk,1968 Acker Court
Norene Gulberg,ngulbergql@purevolume.com,60640 International Parkway
Minny Gripton,mgriptonqm@joomla.org,1 East Lane
Nadean Haslock(e),nhaslockeqn@microsoft.com,09 Barnett Circle
Charis Addington,caddingtonqo@biblegateway.com,5527 Grim Pass
Emory Halversen,ehalversenqp@eepurl.com,90 Continental Trail
Tallou Arnatt,tarnattqq@ask.com,23 Porter Junction
Miranda Matteotti,mmatteottiqr@alexa.com,6825 Schmedeman Road
Dorian Longmuir,dlongmuirqs@loc.gov,5 Northridge Center
Nickolai Akaster,nakasterqt@blog.com,8958 Mockingbird Terrace
Vanya Andrzejak,vandrzejakqu@storify.com,22995 Barnett Place
Glynnis Kundt,gkundtqv@geocities.com,8819 Springs Drive
Merrile Paulusch,mpauluschqw@ucoz.com,12 Blackbird Alley
Merrill Cliffe,mcliffeqx@stanford.edu,50762 Forest Dale Place
Suki Beardsall,sbeardsallqy@clickbank.net,777 Farwell Circle
Barthel Sapseed,bsapseedqz@yandex.ru,35 Kedzie Way
Dari Elloy,delloyr0@pinterest.com,0 Hagan Terrace
Sheeree Gagan,sgaganr1@godaddy.com,12295 Goodland Street
Shawn Proud,sproudr2@va.gov,62 Hoffman Pass
Eleanora Dobrowski,edobrowskir3@hp.com,9738 Mcguire Parkway
Zachariah Giral,zgiralr4@google.es,428 Harper Circle
Urban Whittington,uwhittingtonr5@qq.com,93 Pearson Park
Tabitha Ruf,trufr6@issuu.com,7 Algoma Park
Mikael Lossman,mlossmanr7@360.cn,9931 Upham Street
Hervey Kondratowicz,hkondratowiczr8@time.com,43 Donald Alley
Normie Calver,ncalverr9@shareasale.com,80327 Anzinger Avenue
Lianne Upward,lupwardra@hostgator.com,83518 Mockingbird Plaza
Rhianon Franzen,rfranzenrb@over-blog.com,82 Manley Crossing
Noe Wann,nwannrc@domainmarket.com,1 Fordem Parkway
Brita Wilkie,bwilkierd@globo.com,0821 Parkside Center
Tedra Airdrie,tairdriere@blogtalkradio.com,3 Messerschmidt Point
Georgy Torald,gtoraldrf@aol.com,98 Elgar Crossing
Sheila Berggren,sberggrenrg@ask.com,396 Morrow Way
Laurence Bunt,lbuntrh@google.de,83065 Union Avenue
Nathanil Wissbey,nwissbeyri@lycos.com,78036 Algoma Plaza
Carmel Brasher,cbrasherrj@whitehouse.gov,79 Golden Leaf Place
Magnum Woolgar,mwoolgarrk@ezinearticles.com,0 Larry Trail
Augie Dinis,adinisrl@multiply.com,3755 Hazelcrest Crossing
Brittany Moulden,bmouldenrm@people.com.cn,60 Jenifer Lane
Desmond Walenta,dwalentarn@businessinsider.com,602 6th Lane
Berkie Itzkin,bitzkinro@issuu.com,2 Sutherland Circle
Kala Borrell,kborrellrp@privacy.gov.au,6 Merry Center
Gretal Sarver,gsarverrq@hp.com,360 Bultman Parkway
Bruce Quilty,bquiltyrr@apple.com,39673 Hovde Circle
